window,a,b,kind,gap_m,gap_in_px,strip_px,prob_min,prob_mean
W1,W1-01,W1-02,touching,0.0,0.0,90,0.108,0.725
W1,W1-02,W1-03,gap,0.15,0.5,58,0.083,0.732
W1,W1-03,W1-04,gap,0.15,0.5,24,0.215,0.741
W1,W1-03,W1-05,touching,0.0,0.0,75,0.241,0.834
W1,W1-04,W1-05,touching,0.0,0.0,33,0.003,0.621
W1,W1-05,W1-06,touching,0.0,0.0,101,0.039,0.9
W1,W1-05,W1-07,gap,0.52,1.74,11,0.039,0.537
W1,W1-05,W1-16,gap,1.4,4.67,131,0.0,0.213
W1,W1-06,W1-07,gap,0.15,0.5,21,0.259,0.939
W1,W1-07,W1-08,gap,0.25,0.83,38,0.001,0.062
W1,W1-09,W1-10,touching,0.0,0.0,90,0.851,0.984
W1,W1-09,W1-11,touching,0.0,0.0,23,0.396,0.9
W1,W1-09,W1-12,gap,1.44,4.8,51,0.002,0.065
W1,W1-10,W1-11,gap,0.25,0.83,32,0.001,0.804
W1,W1-12,W1-13,gap,0.2,0.67,28,0.146,0.532
W3,W3-01,W3-02,touching,0.0,0.0,198,0.005,0.891
W3,W3-01,W3-03,gap,0.4,1.33,120,0.003,0.143
W3,W3-02,W3-03,gap,0.4,1.33,56,0.305,0.679
W3,W3-02,W3-07,gap,0.6,2.0,52,0.11,0.427
W3,W3-02,W3-08,gap,0.75,2.5,77,0.032,0.317
W3,W3-02,W3-09,gap,0.75,2.5,55,0.047,0.185
W3,W3-03,W3-04,touching,0.0,0.0,243,0.039,0.902
W3,W3-03,W3-07,touching,0.0,0.0,48,0.36,0.756
W3,W3-04,W3-05,gap,0.1,0.33,65,0.72,0.978
W3,W3-04,W3-06,touching,0.0,0.0,69,0.111,0.649
W3,W3-04,W3-07,gap,0.1,0.33,16,0.147,0.858
W3,W3-04,W3-10,gap,0.6,2.0,31,0.001,0.088
W3,W3-05,W3-06,touching,0.0,0.0,44,0.537,0.815
W3,W3-06,W3-10,touching,0.0,0.0,41,0.01,0.075
W3,W3-07,W3-08,touching,0.0,0.0,42,0.063,0.726
W3,W3-08,W3-09,gap,0.25,0.83,28,0.028,0.082
W3,W3-10,W3-11,touching,0.0,0.0,56,0.0,0.05
