label_id,window,area_m2,below_min_area,prob_mean,frac_ge_thr,frac_ge_0.2,baseline_class,baseline_iou,compare_class,compare_iou,tile_seam_dist_m
W1-01,W1,75.9,False,0.963,0.973,0.999,merged,0.18,matched,0.919,28.2
W1-02,W1,76.9,False,0.836,0.837,0.978,merged,0.156,merged,0.185,26.5
W1-03,W1,92.8,False,0.944,0.962,0.989,merged,0.221,merged,0.272,27.6
W1-04,W1,6.9,True,0.697,0.733,0.878,merged,0.013,merged,0.017,34.1
W1-05,W1,87.9,False,0.921,0.934,0.954,merged,0.2,merged,0.246,30.7
W1-06,W1,54.3,False,0.975,0.99,1.0,merged,0.133,merged,0.165,31.0
W1-07,W1,26.6,False,0.86,0.859,0.921,merged,0.058,merged,0.071,38.3
W1-08,W1,61.8,False,0.02,0.006,0.026,missed,0.0,missed,0.0,38.6
W1-09,W1,66.6,False,0.988,1.0,1.0,matched,0.538,matched,0.538,43.9
W1-10,W1,33.0,False,0.885,0.885,0.903,merged,0.235,merged,0.235,43.8
W1-11,W1,17.4,False,0.915,0.929,0.951,merged,0.124,merged,0.124,49.3
W1-12,W1,15.1,False,0.409,0.304,0.833,partial,0.097,partial,0.097,38.1
W1-13,W1,28.0,False,0.913,0.936,0.977,matched,0.678,matched,0.678,39.4
W1-15,W1,8.5,True,0.0,0.0,0.0,missed,0.0,missed,0.0,15.7
W1-16,W1,42.4,False,0.253,0.254,0.303,partial,0.244,partial,0.244,19.2
W1-17,W1,6.6,True,0.162,0.1,0.212,partial,0.053,partial,0.053,15.3
W2-01,W2,193.2,False,0.948,0.956,0.982,matched,0.884,matched,0.884,21.4
W2-03,W2,219.8,False,0.875,0.884,0.911,matched,0.845,matched,0.845,3.2
W2-06,W2,9.4,True,0.047,0.0,0.017,missed,0.0,missed,0.0,7.0
W3-01,W3,450.4,False,0.8,0.879,0.943,merged,0.341,merged,0.344,8.6
W3-02,W3,316.1,False,0.814,0.85,0.892,merged,0.231,merged,0.234,28.7
W3-03,W3,95.9,False,0.754,0.777,0.935,merged,0.065,merged,0.065,15.2
W3-04,W3,270.2,False,0.98,0.988,0.993,merged,0.237,merged,0.24,13.9
W3-05,W3,45.6,False,0.976,1.0,1.0,merged,0.041,merged,0.041,9.8
W3-06,W3,26.8,False,0.448,0.508,0.694,merged,0.012,merged,0.012,23.3
W3-07,W3,30.6,False,0.896,0.941,0.957,merged,0.026,merged,0.025,28.8
W3-08,W3,14.0,False,0.785,0.815,0.911,merged,0.011,matched,0.8,32.7
W3-09,W3,21.9,False,0.113,0.008,0.215,missed,0.0,missed,0.0,36.2
W3-10,W3,37.0,False,0.033,0.0,0.012,missed,0.0,missed,0.0,31.1
W3-11,W3,12.3,False,0.601,0.604,0.729,matched,0.588,matched,0.588,36.1
W4-01,W4,268.4,False,0.915,0.928,0.951,matched,0.922,matched,0.922,28.0
W4-02,W4,31.3,False,0.994,1.0,1.0,matched,0.786,matched,0.786,36.9
